DROP DATABASE IF EXISTS cine;
CREATE DATABASE cine;
USE cine;
#Consigna 1
CREATE TABLE generos (
	cod_gen CHAR(3) PRIMARY KEY,
    desc_gen VARCHAR(32) NOT NULL
    );

CREATE TABLE peliculas (
	id_pel BIGINT UNSIGNED PRIMARY KEY AUTO_INCREMENT,
    titulo_pel VARCHAR(128) NOT NULL,
    cod_gen VARCHAR(32) NOT NULL,
    CONSTRAINT pel_cod_gen_fk FOREIGN KEY (cod_gen)
			REFERENCES generos (cod_gen)
            ON DELETE CASCADE
	);
    
CREATE TABLE actores (
	id_act BIGINT UNSIGNED PRIMARY KEY AUTO_INCREMENT,
    nombreApellido_act VARCHAR(128) NOT NULL
    );
    
CREATE TABLE repartos (
	id_pel BIGINT UNSIGNED,
    id_act BIGINT UNSIGNED,
    protagonista_rep TINYINT(1) NOT NULL DEFAULT 0,
    CONSTRAINT rep_id_pel_fk FOREIGN KEY (id_pel)
			REFERENCES peliculas (id_pel)
            ON DELETE CASCADE
            ON UPDATE CASCADE,
	CONSTRAINT rep_id_act_fk FOREIGN KEY (id_act)
			REFERENCES actores (id_act)
            ON DELETE CASCADE
            ON UPDATE CASCADE
	);

#Consigna 2
INSERT INTO generos
	(cod_gen, desc_gen)
VALUES
	("ACC", "Accion"),
    ("ANI", "Animada"),
    ("DRA", "Drama"),
	("HIS", "Historica"),
    ("SCF", "Cienca-Ficcion"),
	("TER", "Terror"),
    ("WES", "Western")
    ;

INSERT INTO peliculas
	(id_pel, titulo_pel, cod_gen)
VALUES
	(1,"Rescatando al Soldado Ryan", "ACC"),
    (2, "Forrest Gump", "DRA"),
	(3,"Los Imperdonables", "WES"),
    (4,"Buenos Muchachos", "DRA"),
    (5,"El Silencio de los Inocentes", "TER"),
    (6,"Corazon Valiente", "HIS"),
    (7,"Tiempos Violentos", "ACC"),
	(8,"Sueños de Libertad", "DRA"),
    (9,"Belleza Americana", "DRA"),
    (10,"La Lista de Schindler", "HIS")
    ;

INSERT INTO actores
	(id_act, nombreApellido_act)
VALUES
	(1,"Tom Hanks"),
	(2,"Clint Eastwood"),
    (3,"Robert DeNiro"),
    (4,"Joe Pesci"),
    (5,"Anthony Hopkins"),
    (6,"Mel Gibson"),
    (7,"John Travolta"),
    (8,"Morgan Freeman"),
    (9,"Kevin Spacey"),
    (10,"Liam Neeson"),
    (11,"Stephen Billington"),
    (12,"Peter Miles")
    ;

INSERT INTO repartos 
	(id_pel, id_act, protagonista_rep)
VALUES
	(1,1,1),
	(2,1,1),
    (3,2,1),
    (4,3,1),
    (4,4,1),
    (5,5,1),
    (6,6,0),
	(7,7,1),
    (8,8,1),
    (9,9,1),
    (10,10,1),
    (1,12,0),
    (6,11,0)
    ;
#Consigna 3
ALTER TABLE generos MODIFY desc_gen VARCHAR(64) NOT NULL;

#Consigna 4a
SELECT
	id_pel AS "ID Pelicula",
    titulo_pel AS "Titulo",
    desc_gen AS "Genero",
    nombreApellido_act AS "Actor"
FROM 
	generos
    INNER JOIN peliculas USING (cod_gen)
    INNER JOIN repartos USING (id_pel)
    INNER JOIN actores USING (id_act)
ORDER BY 
	titulo_pel;

#Consigna 4b
SELECT 
	id_act AS "ID Actor",
	nombreApellido_act AS "Actor"
FROM 
	actores
    INNER JOIN repartos USING(id_act)
WHERE 
	protagonista_rep = 0;
    
#Consigna 5
UPDATE repartos
SET protagonista_rep = 1
WHERE id_act = 6;















































































































































































































































































































































































































































































































































































































































































































































































































































































































































































































































































































































````````````````````````````````````````````````````````````````````````````````````````````````````
`